claim_id,policy_number,customer_id,claim_type,incident_date,report_date,claim_amount_gbp,approved_amount_gbp,status,region,assessor_id,fraud_flag
CLM-00080,POL-403445,CUST-55309,Property,2023-12-10,2023-12-21,618.38,480.02,Closed,Central,A018,1
CLM-00317,POL-522179,CUST-70952,Property,2023-09-12,2023-10-07,1559.13,,Closed,Central,A013,0
CLM-00486,POL-987204,CUST-85631,PropErty,2024-03-18,2024-03-22,264.36,170.52,Open,East,A007,0
CLM-00397,POL-723939,CUST-46655,PropErty,2024-01-21,2024-02-08,725.45,472.97,Open,East,A014,0
CLM-00168,POL-166613,CUST-85454,Health,2024-01-14,2024-01-14,1911.6,1211.57,Open,North,A002,0
CLM-00494,POL-103717,CUST-21164,Property,2023-05-08,2023-05-19,2688.14,2561.91,Rejected,North,A006,0
CLM-00064,POL-496922,CUST-94080,Motor,2023-10-09,2023-10-19,200.0,3028.92,Rejected,South,A003,1
CLM-00186,POL-456699,CUST-25906,Liability,2023-07-31,2023-08-27,14849.79,13171.7,Open,South,A016,0
CLM-00085,POL-498591,CUST-25157,Motor,2023-11-19,2023-12-06,372.38,278.67,Open,East,A002,0
CLM-00125,POL-430776,CUST-63225,Property,2024-06-24,2024-06-24,744.14,655.23,Closed,West,A020,0
CLM-00074,POL-838797,CUST-86099,Property,2023-03-01,2023-03-08,5345.63,,Closed,North,A020,0
CLM-00285,POL-349565,CUST-37742,Motor,2024-04-28,2024-05-18,336.66,,closed,North,A015,0
CLM-00132,POL-429963,CUST-86019,Motor,2023-09-04,2023-09-18,420.07,220.16,Open,Central,A014,0
CLM-00069,POL-759176,CUST-53404,PropErty,2023-08-16,2023-09-14,2231.02,,Pending,North,A020,0
CLM-00071,POL-479201,CUST-25118,Liability,2023-05-07,2023-05-14,3090.16,2239.36,Closed,West,A013,0
CLM-00473,POL-395442,CUST-71524,Motor,2023-12-26,2024-01-19,378.16,371.93,Closed,North,A010,0
CLM-00248,POL-322086,CUST-64921,Motor,2023-05-29,2023-06-21,2726.22,1563.9,open,West,A007,0
CLM-00031,POL-539898,CUST-30257,Property,2023-03-05,2023-03-08,1334.12,,Closed,,A016,1
CLM-00010,POL-207473,CUST-14722,Health,2023-10-09,2023-10-18,1949.77,1266.76,Closed,South,A011,0
CLM-00056,POL-733052,CUST-96511,Motor,2023-11-03,2023-11-15,4400.06,3967.72,Open,East,A005,0
CLM-00322,POL-360735,CUST-89593,Health,2023-12-13,2023-12-22,7515.4,,Pending,East,A015,1
CLM-00407,POL-141672,,Health,2024-04-07,2024-04-10,2394.39,1559.86,Open,Central,A006,0
CLM-00476,POL-852470,CUST-54657,Motor,2023-02-09,2023-02-23,2583.95,2220.2,Open,Central,A005,0
CLM-00401,POL-523389,CUST-11330,Motor,2023-07-31,2023-08-25,2067.1,,Closed,West,A014,0
CLM-00173,POL-654816,CUST-41979,Health,2023-05-14,2023-06-08,8912.73,4542.5,Closed,East,A008,0
CLM-00377,POL-707314,CUST-42177,Property,2024-03-05,2024-03-06,21621.76,19846.89,Closed,Central,A004,0
CLM-00483,POL-629959,CUST-62521,Property,2024-05-05,2024-05-25,4814.52,4490.25,Open,North,A015,0
CLM-00269,POL-716886,CUST-13534,Liability,2023-02-21,2023-03-03,10441.63,9625.35,Open,Central,A008,0
CLM-00141,POL-246413,CUST-77000,Property,2023-12-01,2023-12-09,2009.25,1057.22,Closed,Central,A012,0
CLM-00230,POL-189814,CUST-63424,Liability,2024-06-05,2024-06-14,6599.96,3946.23,Closed,West,A018,0
CLM-00450,POL-974244,CUST-47093,Motor,2024-04-20,2024-04-29,8241.06,5503.42,Closed,West,A016,1
CLM-00181,POL-663054,CUST-77889,Property,2023-02-19,2023-02-27,712.18,521.35,Closed,North,A013,0
CLM-00073,POL-301629,CUST-33405,Property,2024-02-17,2024-02-22,660.11,536.27,Closed,West,A005,0
CLM-00276,POL-842225,CUST-94246,Motor,2024-04-21,2024-05-04,310.4,302.86,pENDING,West,A002,0
CLM-00232,POL-609597,CUST-81121,Liability,2024-01-19,2024-02-06,2421.53,1964.36,Closed,East,A003,0
CLM-00209,POL-492077,CUST-73517,Motor,2023-02-21,2023-03-10,582.34,519.21,Open,East,A020,0
CLM-00321,POL-214576,CUST-89415,Health,2024-01-18,2024-02-03,6203.77,3997.97,Open,Central,A020,1
CLM-00444,POL-172132,CUST-38361,Property,2024-04-22,2024-05-08,4629.61,4002.25,Closed,,A003,0
CLM-00154,POL-245051,CUST-98184,Liability,2023-10-11,2023-10-27,1052.27,598.01,Rejected,Central,A011,0
CLM-00451,POL-669605,CUST-23176,Property,2023-05-23,2023-06-16,2179.07,2155.67,Closed,West,A014,0
CLM-00235,POL-897549,CUST-18161,Motor,2023-09-18,2023-10-15,1353.84,776.4,Closed,East,A005,0
CLM-00424,POL-237235,CUST-72031,Motor,2024-05-02,2024-05-05,1415.09,1259.88,Open,Central,A002,0
CLM-00003,POL-126225,CUST-66057,Health,2023-08-02,2023-08-20,200.0,192.64,Closed,South,A014,0
CLM-00404,POL-358175,CUST-21221,Motor,2024-06-14,2024-06-24,0.0,8517.65,Closed,South,A010,0
CLM-00302,POL-198907,CUST-95426,Property,2023-10-29,2023-10-31,385.85,301.94,Open,,A001,0
CLM-00416,POL-373432,CUST-48566,Property,2024-06-04,2024-06-18,4626.59,4058.09,Pending,Central,A007,0
CLM-00325,POL-662336,CUST-50768,Property,2023-07-20,2023-08-15,1858.02,970.73,Pending,Central,A019,0
CLM-00368,POL-682765,CUST-45400,Motor,2023-09-20,2023-10-10,5254.17,3498.13,Closed,East,A014,0
CLM-00251,POL-865388,CUST-89069,Property,2023-05-12,2023-06-09,3014.56,2182.05,Open,South,A012,0
CLM-00118,POL-905635,CUST-97153,Liability,2023-06-24,2023-07-14,6350.65,5184.39,Pending,West,A007,0
CLM-00077,POL-793384,CUST-24208,Motor,2023-05-25,2023-06-19,5689.9,4876.11,Open,West,A004,0
CLM-00492,POL-390120,CUST-83772,Motor,2024-02-20,2024-02-12,1428.23,1122.41,Pending,Central,A018,0
CLM-00212,POL-665579,CUST-45992,Property,2024-01-07,2024-01-25,-5301.81,,Open,North,A014,0
CLM-00105,POL-864544,CUST-26334,Liability,2024-01-01,2024-01-09,4879.05,3099.16,Open,South,A018,0
CLM-00034,POL-717889,CUST-33206,Motor,2023-05-24,2023-06-02,7379.36,,Closed,South,A013,0
CLM-00079,POL-910620,CUST-66959,Property,2023-10-11,2023-10-21,21327.24,19236.73,Rejected,North,A016,0
CLM-00083,POL-344098,,Motor,2023-11-17,2023-11-24,3886.5,3449.94,Closed,North,A013,0
CLM-00470,POL-680097,CUST-11607,Property,2024-01-23,2024-02-20,2757.75,2350.8,Open,East,A005,0
CLM-00292,POL-858490,CUST-43065,Liability,2023-01-23,2023-02-19,1936.47,1473.13,Open,South,A001,0
CLM-00001,POL-770487,CUST-67912,Motor,2023-11-16,2023-12-04,200.0,,Closed,North,A014,0
CLM-00210,POL-899550,CUST-92149,Property,2024-05-17,2024-05-17,1626.14,,Open,West,A007,0
CLM-00012,POL-876646,CUST-86350,Health,2024-04-07,2024-04-21,2993.77,2701.03,Open,East,A013,0
CLM-00229,POL-182582,CUST-64377,Liability,2023-08-07,2023-08-09,5952.65,,Closed,North,A020,0
CLM-00448,POL-265409,CUST-78765,Motor,2024-02-12,2024-02-22,566.75,651.5589979512057,Open,South,A017,0
CLM-00023,POL-731262,CUST-99399,Property,2023-07-21,2023-08-14,584.91,536.4,Open,East,A018,0
CLM-00493,POL-146228,CUST-49824,Motor,2024-01-07,2024-01-31,6410.76,,Closed,West,A012,0
CLM-00078,POL-338968,CUST-88193,Health,2023-10-21,2023-11-03,5305.83,4835.03,Closed,East,A002,1
CLM-00094,POL-319684,CUST-80575,Motor,2023-10-01,2023-10-04,315.03,164.89,Closed,East,A007,0
CLM-00182,POL-887352,CUST-70889,Motor,2023-02-03,2023-02-19,2061.58,,Closed,East,A020,0
CLM-00398,POL-171262,CUST-88139,Motor,2023-07-26,2023-08-15,1641.21,1009.69,Closed,North,A020,0
CLM-00133,POL-322955,CUST-89516,Liability,2023-05-20,2023-05-28,6334.21,9980.978001128356,PNDNG,North,A007,0
CLM-00019,POL-198246,CUST-57795,Property,2024-06-28,2024-07-24,4241.09,3877.35,Closed,East,,0
CLM-00339,POL-153045,CUST-23356,Property,2023-03-23,2023-03-31,7616.39,4723.68,Closed,Central,A019,0
CLM-00155,POL-634277,CUST-50687,Property,2023-06-21,2023-07-01,12005.1,,Open,East,A008,0
CLM-00411,POL-789305,,Motor,2023-08-16,2023-08-23,1976.71,1167.85,Open,North,A018,0
CLM-00091,POL-270555,CUST-67154,Health,2023-05-29,2023-06-08,1973.25,1299.96,Closed,West,A015,0
CLM-00040,POL-267414,CUST-97806,motor,2023-10-02,2023-10-07,-7696.36,6958.41,Open,Central,A007,1
CLM-00495,POL-449759,CUST-42530,Property,2023-11-20,2023-12-04,6746.79,3414.4,Closed,West,A005,1
CLM-00047,POL-900581,CUST-71694,Property,2024-01-07,2024-01-30,10362.67,4438.04,Rejected,South,A017,0
CLM-00395,POL-294851,CUST-43862,Liability,2023-04-05,2023-04-15,2064.47,1265.65,Rejected,East,A003,0
CLM-00195,POL-376183,CUST-68008,Property,2023-01-23,2023-02-10,1095.28,693.08,Closed,Central,A002,0
CLM-00357,POL-102260,,N/A,2023-07-20,2023-07-23,5825.49,3941.09,Closed,Central,A003,0
CLM-00279,POL-340062,CUST-70515,Motor,2024-05-20,2024-06-06,6017.63,5960.89,Pending,South,A008,0
CLM-00281,POL-132938,CUST-16590,Property,2024-03-19,2024-03-28,5130.66,3231.14,Closed,South,A020,0
CLM-00182,POL-887352,CUST-70889,Motor,2023-02-03,2023-02-19,2061.58,,Closed,East,A020,0
CLM-00273,POL-330914,CUST-96900,Property,2024-06-21,2024-06-25,10147.13,6301.25,Open,South,A005,0
CLM-00440,POL-630458,CUST-25670,Liability,2023-02-16,2023-03-08,4103.39,3517.28,Closed,Central,A011,0
CLM-00177,POL-813328,CUST-23970,Liability,2023-10-31,2023-11-16,6513.12,4573.15,Pending,West,A010,0
CLM-00070,POL-748564,CUST-13617,Property,2023-01-03,2023-01-12,4061.59,3052.46,Open,West,A019,0
CLM-00458,POL-108203,CUST-11854,Property,2023-09-23,2023-10-04,200.0,138.05,Open,South,A012,0
CLM-00298,POL-595948,CUST-55870,Motor,2023-06-14,2023-07-03,4858.65,3030.2,Closed,South,A006,0
CLM-00417,POL-314181,CUST-39045,Liability,2024-05-29,2024-06-21,301.73,210.18,Closed,West,A016,0
CLM-00102,POL-765822,CUST-91678,Property,2023-05-13,2023-05-29,1822.36,1199.36,Open,Central,A020,0
CLM-00488,POL-196781,,Property,2024-04-14,2024-04-29,1365.36,1141.92,Open,North,A018,0
CLM-00205,POL-632323,CUST-42406,Property,2023-01-10,2023-02-08,5344.02,5275.07,Open,North,A002,0
CLM-00300,POL-526833,CUST-95215,Property,2023-09-21,2023-09-30,1385.77,1154.76,Closed,North,A016,1
CLM-00326,POL-570405,CUST-24168,Motor,2023-07-19,2023-08-01,11845.13,,Closed,North,A008,1
CLM-00500,POL-269430,CUST-88135,Health,2023-02-17,2023-03-14,10661.06,6965.81,Rejected,South,A018,0
CLM-00193,POL-857168,,Liability,2024-01-19,2024-02-17,502.54,454.08,Pending,Central,A009,0
CLM-00315,POL-203198,CUST-83920,Liability,2024-05-02,2024-05-04,15558.35,,Closed,East,A019,0
CLM-00183,POL-379786,CUST-16582,Liability,2023-06-17,2023-06-08,317.73,241.32,Closed,West,A018,0
CLM-00398,POL-171262,CUST-88139,Motor,2023-07-26,2023-08-15,1641.21,1009.69,Closed,North,A020,0
CLM-00348,POL-274389,CUST-66148,,2023-04-26,2023-05-08,6741.49,,Pending,North,A011,0
CLM-00138,POL-581141,CUST-67954,Liability,2023-09-10,2023-10-04,200.0,120.89,Closed,East,A007,0
CLM-00487,POL-153266,CUST-92502,Liability,2023-08-31,2023-09-21,1491.96,1396.04,Closed,North,A012,0
CLM-00452,POL-837715,CUST-35443,Health,2023-01-20,2023-01-26,3817.5,3543.67,Open,Central,A016,0
CLM-00412,POL-712024,CUST-74332,Health,2024-01-04,2024-01-06,7113.77,4876.28,Pending,East,A017,0
CLM-00439,POL-323508,CUST-51359,Property,2023-03-07,2023-03-08,1121.61,951.8,Closed,South,A020,0
CLM-00352,POL-324130,CUST-76317,Liability,2023-10-10,2023-10-20,18800.67,13504.65,Rejected,North,,0
CLM-00087,POL-575435,CUST-85574,Motor,2023-09-04,2023-09-04,10107.53,5730.1,Closed,North,A011,0
CLM-00076,POL-148050,CUST-15014,Health,2023-12-08,2023-12-22,2515.34,1561.94,Closed,South,A006,1
CLM-00462,POL-413921,CUST-15965,Motor,2023-08-11,2023-08-12,1596.85,1105.3,Pending,South,A007,0
CLM-00016,POL-542417,CUST-26704,Motor,2024-06-21,2024-07-10,7311.07,3687.94,Closed,West,A012,0
CLM-00275,POL-174441,CUST-21003,Motor,2023-10-18,2023-11-07,4282.86,2563.13,Pending,West,A006,1
CLM-00463,POL-795613,CUST-17146,MOTOR,2023-05-23,2023-06-03,12711.58,6515.91,Pending,East,A001,0
CLM-00392,POL-632496,CUST-73904,Property,2024-02-14,2024-02-15,6162.18,4690.99,Closed,Central,A014,0
CLM-00020,POL-329258,CUST-15229,Motor,2023-06-18,2023-06-21,5666.9,3668.24,Pending,Central,A016,0
CLM-00334,POL-564656,CUST-35995,Motor,2023-02-28,2023-03-07,582.93,521.01,Open,West,A009,0
CLM-00337,POL-677057,CUST-92213,Motor,2024-02-23,2024-03-18,4670.66,,Open,Central,A016,0
CLM-00057,POL-377370,CUST-35313,Motor,2023-12-10,2023-12-11,2704.75,2609.04,Closed,West,A016,0
CLM-00445,POL-356150,CUST-73464,Property,2024-03-26,2024-03-24,2460.97,2290.78,Closed,East,A015,0
CLM-00499,POL-374680,CUST-89471,Liability,2023-05-05,2023-05-17,291.16,187.45,Open,South,A004,0
CLM-00238,POL-231869,CUST-61049,Liability,2023-04-13,2023-05-05,3448.73,,Closed,North,A019,0
CLM-00336,POL-997546,CUST-87607,Health,2023-11-09,2023-11-21,9808.66,7670.74,Closed,South,A019,0
CLM-00384,POL-152578,CUST-89997,Property,2023-04-02,2023-04-14,4306.84,3314.32,Pending,South,A013,0
CLM-00484,POL-612262,CUST-74454,Property,2024-05-29,2024-06-14,14119.35,8169.97,Pending,South,A002,0
CLM-00430,POL-888387,CUST-53357,Property,2023-07-29,2023-08-08,6914.87,4482.77,Open,South,A001,0
CLM-00149,POL-549245,CUST-92960,Motor,2024-04-21,2024-04-27,3262.54,3067.04,Open,North,A002,0
CLM-00026,POL-308496,CUST-23473,Motor,2023-04-25,2023-04-29,900.93,789.86,Open,South,A006,0
CLM-00256,POL-518373,,Property,2023-07-24,2023-07-28,2121.42,1591.71,Closed,South,A002,0
CLM-00043,POL-456778,CUST-30866,Motor,2023-03-12,2023-03-15,1072.41,3980.63,Rejected,West,A008,0
CLM-00393,POL-184002,CUST-37802,Property,2024-04-26,2024-05-23,1018.12,536.87,Pending,West,A003,0
CLM-00196,POL-624902,CUST-90301,Motor,2023-12-02,2023-12-28,4349.25,2212.79,Closed,South,A016,0
CLM-00282,POL-446479,CUST-44099,Liability,2024-01-09,2024-01-15,200.0,,Rejected,Central,A012,0
CLM-00127,POL-380746,CUST-10053,Property,2024-03-26,2024-04-17,11777.89,10026.17,Open,Central,A002,0
CLM-00496,POL-908577,CUST-25525,Property,2024-01-08,2024-02-03,304.2,254.62,Pending,South,A001,0
CLM-00032,POL-331148,CUST-41029,Liability,2023-02-22,2023-03-15,14826.88,8070.31,Closed,West,A010,0
CLM-00114,POL-330283,CUST-82667,Motor,2023-09-19,2023-10-11,0.0,549.76,Closed,North,A013,0
CLM-00353,POL-520521,CUST-94874,Motor,2023-02-24,2023-03-01,12468.6,,Closed,North,A006,0
CLM-00211,POL-269396,CUST-41358,Health,2023-01-09,2023-01-22,479.35,349.45,Open,East,A010,0
CLM-00308,POL-531071,CUST-91439,Motor,2023-04-21,2023-04-13,1036.25,998.01,Closed,East,A020,1
CLM-00058,POL-946335,CUST-62227,Motor,2024-01-11,2024-02-06,3975.12,2792.73,Closed,North,A014,0
CLM-00363,POL-399105,CUST-30052,Liability,2024-05-15,2024-06-08,3516.32,2595.63,Pending,South,A011,0
CLM-00025,POL-688508,CUST-97416,Liability,2024-05-20,2024-06-17,5143.2,1265.59,Rejected,West,A016,0
CLM-00018,POL-131244,CUST-50404,Motor,2024-06-29,2024-07-05,1678.32,1407.12,Open,West,A018,0
CLM-00250,POL-891952,CUST-81582,Motor,2023-12-21,2024-01-16,464.55,378.82,Closed,North,A015,0
CLM-00067,POL-407419,CUST-99065,Health,2024-04-22,2024-04-13,3560.38,2933.43,Rejected,South,A015,0
CLM-00249,POL-665492,CUST-80545,Liability,2023-06-17,2023-07-09,8370.86,4218.25,Closed,Central,A014,0
CLM-00156,POL-617488,CUST-39444,Motor,2023-06-21,2023-07-17,556.71,483.95,OPEN,Central,A018,0
CLM-00095,POL-802729,,Liability,2023-03-19,2023-04-03,7250.5,4626.43,Open,West,A019,0
CLM-00246,POL-736059,CUST-49139,Motor,2023-01-08,2023-01-30,523.07,446.63,Closed,East,A013,0
CLM-00433,POL-580547,CUST-45509,Motor,2024-02-26,2024-03-23,3277.33,1806.65,Closed,South,A009,1
CLM-00024,POL-127824,CUST-42706,Motor,2023-07-26,2023-07-26,899.34,,Closed,Central,A003,0
CLM-00318,POL-863587,CUST-43586,Property,2024-06-24,2024-07-15,17597.43,30770.068258632942,Closed,South,A011,0
CLM-00480,POL-765046,CUST-72616,Motor,2023-01-20,2023-02-12,4239.84,6601.887402240998,Pending,North,A012,0
CLM-00324,POL-299448,CUST-31465,Motor,2024-01-27,2024-02-19,616.84,614.76,Rejected,Central,A011,0
CLM-00006,POL-356787,CUST-24663,Health,2023-09-05,2023-09-07,1255.63,,Open,East,A016,0
CLM-00117,POL-983794,CUST-65108,Motor,2023-01-28,2023-02-01,2693.3,1868.68,Pending,South,A010,0
CLM-00046,POL-325772,CUST-15075,Property,2024-06-05,2024-06-24,8242.72,4438.14,Open,North,A011,0
CLM-00160,POL-214975,CUST-16057,Property,2023-11-05,2023-11-26,9114.22,7807.27,Open,West,A003,0
CLM-00017,POL-133326,CUST-15482,Liability,2024-03-19,2024-04-17,3486.18,3482.38,Closed,Central,A010,0
CLM-00471,POL-262998,CUST-85243,Motor,2024-05-30,2024-06-15,2968.43,,Rejected,Central,A018,0
CLM-00362,POL-577110,CUST-70258,Motor,2023-08-29,2023-09-02,5938.94,5286.74,Pending,North,A007,0
CLM-00004,POL-877572,CUST-83519,Motor,2023-08-11,2023-08-16,4691.85,2390.77,Closed,Central,A003,0
CLM-00361,POL-923267,CUST-93307,Property,2023-05-13,2023-05-29,8266.43,5866.88,Closed,North,A015,0
CLM-00421,POL-350280,CUST-97026,Property,2024-03-24,2024-04-16,4162.72,3214.65,Closed,Central,,0
CLM-00061,POL-581741,CUST-19099,Motor,2023-02-08,2023-02-11,8938.32,6598.43,Open,North,A013,0
CLM-00111,POL-771088,CUST-52753,Liability,2024-06-15,2024-06-23,14225.42,13584.87,Closed,Central,A004,0
CLM-00323,POL-300896,CUST-25012,Property,2024-01-07,2024-02-05,4808.28,4614.82,Closed,Central,A013,0
CLM-00267,POL-454508,CUST-91560,Property,2023-06-30,2023-07-23,8271.2,,Pending,West,A019,0
CLM-00030,POL-671412,CUST-91351,Motor,2024-03-02,2024-03-31,3769.82,3479.4,Open,Central,A015,0
CLM-00481,POL-994343,CUST-24953,Motor,2023-02-24,2023-03-14,654.46,456.99,Pending,West,A001,0
CLM-00174,POL-363626,CUST-29342,Property,2023-06-13,2023-07-10,-11523.61,-21082.945350664348,Closed,East,A001,0
CLM-00027,POL-850800,CUST-56357,Motor,2023-09-27,2023-10-23,3351.53,2964.3,Closed,West,A012,0
CLM-00008,POL-246316,CUST-29536,Property,2023-10-27,2023-11-14,279.72,236.72,Open,South,A010,0
CLM-00461,POL-681542,CUST-45954,Property,2023-10-13,2023-10-18,3284.89,2848.73,Closed,East,A018,0
CLM-00109,POL-497887,CUST-97410,Health,2023-03-21,2023-04-03,279.12,264.03,Open,North,A011,0
CLM-00038,POL-895667,CUST-53540,Liability,2024-01-24,2024-01-24,13608.9,9177.98,Open,East,A015,0
CLM-00158,POL-892495,CUST-29313,Property,2024-05-28,2024-06-23,2155.69,1772.87,Closed,North,,0
CLM-00475,POL-320861,CUST-67733,Property,2024-06-16,2024-07-02,3087.42,2322.97,Open,East,A010,1
CLM-00119,POL-913694,CUST-59695,Property,2023-04-20,2023-05-15,1921.74,,Pending,West,A004,0
CLM-00115,POL-817870,CUST-26683,Property,2023-02-11,2023-02-11,3453.75,2913.27,Open,North,A010,0
CLM-00176,POL-112038,CUST-10726,Motor,2023-11-20,2023-12-10,4194.21,3130.69,Pending,North,A009,0
CLM-00266,POL-167136,CUST-26728,Motor,2023-11-05,2023-11-18,1322.68,955.99,Closed,East,A017,0
CLM-00415,POL-431737,CUST-22196,Health,2023-11-23,2023-12-15,2951.1,2928.76,Closed,South,A010,0
CLM-00145,POL-665158,CUST-21114,Liability,2024-01-20,2024-02-14,1640.69,1517.92,Open,North,A001,0
CLM-00375,POL-328275,CUST-45179,Motor,2024-04-29,2024-05-25,1274.69,898.28,Closed,East,A013,0
CLM-00441,POL-378082,CUST-80236,Property,2023-04-21,2023-04-29,5987.39,4375.93,Closed,Central,A014,0
CLM-00204,POL-769987,CUST-43972,Motor,2024-01-01,2024-01-29,267.83,220.49,Open,East,A014,0
CLM-00223,POL-945964,CUST-29769,Motor,2023-10-11,2023-10-14,9795.92,8743.79,Open,,A014,0
CLM-00226,POL-160738,CUST-30028,Health,2024-05-02,2024-05-30,2063.18,,Closed,West,A001,0
CLM-00453,POL-417212,CUST-48829,Motor,2023-05-25,2023-05-27,3987.78,3391.95,Closed,South,A007,0
CLM-00142,POL-358607,CUST-72021,Property,2023-10-18,2023-10-20,412.76,,Closed,Central,A017,0
CLM-00371,POL-610311,CUST-73372,Motor,2023-01-16,2023-02-05,6443.1,3450.79,Open,East,A019,0
CLM-00068,POL-969693,CUST-80282,Liability,2023-05-28,2023-05-19,1187.53,,Closed,Central,A014,0
CLM-00219,POL-120422,CUST-51904,Motor,2023-04-24,2023-05-11,4400.5,,Closed,West,A006,0
CLM-00169,POL-503457,CUST-35485,Motor,2024-05-21,2024-06-06,16711.16,15336.5,Open,West,A020,0
CLM-00327,POL-246991,CUST-85849,,2023-10-04,2023-10-26,1144.78,785.16,Closed,East,A020,0
CLM-00382,POL-428838,CUST-70910,Motor,2023-04-03,2023-04-09,3644.42,2098.45,Rejected,South,A011,0
CLM-00221,POL-480612,CUST-20561,Motor,2023-02-07,2023-02-12,2498.72,2445.98,Open,North,A013,0
CLM-00194,POL-854639,CUST-51588,Property,2023-07-12,2023-08-03,4607.77,2580.83,Pending,Central,A010,0
CLM-00272,POL-717024,CUST-83975,Motor,2024-05-21,2024-06-09,4846.1,,Closed,South,A003,0
CLM-00110,POL-383060,CUST-63528,Liability,2023-05-17,2023-05-24,3717.96,2665.44,Open,East,A005,0
CLM-00358,POL-509386,CUST-23833,Health,2023-03-01,2023-03-09,7661.56,7255.86,Open,North,A008,0
CLM-00146,POL-375504,CUST-47196,Liability,2023-03-17,2023-03-27,2276.13,1379.33,Pending,Central,A015,0
CLM-00093,POL-472528,CUST-78146,Motor,2024-03-06,2024-03-17,3294.06,5591.378493084499,Closed,Central,A009,0
CLM-00153,POL-329974,CUST-40784,Liability,2023-07-20,2023-08-15,8579.99,5556.84,Closed,South,A019,0
CLM-00228,POL-694916,CUST-18418,Liability,2023-07-03,2023-07-09,7909.1,5400.65,Closed,,A004,0
CLM-00239,POL-234628,CUST-86556,Property,2023-05-28,2023-06-24,1090.48,912.8,Open,South,A014,0
CLM-00084,POL-205907,CUST-77033,Motor,2023-03-16,2023-04-14,1441.92,916.64,Rejected,Central,A019,0
CLM-00254,POL-847581,CUST-38760,Motor,2024-06-09,2024-05-31,6016.32,4601.46,Closed,South,A015,0
CLM-00166,POL-542666,CUST-64321,Liability,2023-06-03,2023-06-23,857.63,476.63,Pending,West,A017,0
CLM-00164,POL-930555,,Liability,2023-11-22,2023-12-11,379.72,259.69,Closed,West,A017,0
CLM-00200,POL-211579,CUST-68446,Motor,2023-10-05,2023-11-03,6829.18,,Open,North,A001,0
CLM-00341,POL-666847,CUST-99687,Liability,2023-09-06,2023-09-27,8433.67,8088.9,Closed,West,A015,1
CLM-00075,POL-172933,CUST-44795,Motor,2023-11-30,2023-12-22,2331.22,1961.28,Open,East,A020,0
CLM-00313,POL-785197,CUST-97747,Motor,2023-04-04,2023-04-24,3400.5,3142.13,Pending,West,A004,0
CLM-00245,POL-653306,,Property,2023-11-01,2023-11-25,3011.16,2845.76,Open,West,A017,1
CLM-00478,POL-313487,CUST-16734,Motor,2023-06-29,2023-07-28,6526.6,3848.26,Open,South,A007,0
CLM-00120,POL-158655,CUST-98777,Motor,2024-05-07,2024-05-20,4920.13,2470.8,Rejected,Central,A019,0
CLM-00457,POL-654634,CUST-49618,Liability,2023-11-29,2023-12-10,200.0,149.63,Open,Central,A002,0
CLM-00413,POL-692683,CUST-68743,Health,2023-12-08,2023-12-29,439.21,417.68,Closed,West,A009,0
CLM-00263,POL-226882,CUST-62994,Motor,2024-04-22,2024-04-23,1705.19,1221.61,Pending,South,A011,0
CLM-00359,POL-378085,,Motor,2023-06-15,2023-06-20,1080.8,1051.87,Closed,East,A008,0
CLM-00406,POL-723398,CUST-63271,Property,2023-11-20,2023-11-30,2235.6,,Open,Central,A020,0
CLM-00306,POL-471507,CUST-36130,Motor,2023-08-30,2023-09-18,4409.7,2224.78,Pending,Central,A012,0
CLM-00423,POL-515011,CUST-58368,Motor,2023-03-02,2023-03-27,7356.15,4293.5,Closed,West,A012,0
CLM-00332,POL-361941,CUST-59192,Liability,2023-05-05,2023-05-18,12897.16,10170.2,Rejectd,East,A011,0
CLM-00389,POL-656926,,Motor,2024-03-26,2024-04-24,200.0,,Open,West,A001,0
CLM-00278,POL-161733,CUST-27786,Motor,2023-07-30,2023-08-14,732.23,626.69,Open,North,A005,0
CLM-00037,POL-106814,CUST-33509,Motor,2024-02-23,2024-03-03,4512.63,,Open,South,A002,0
CLM-00197,POL-898975,,Health,2023-06-01,2023-06-24,4726.79,3056.6,Closed,Central,A020,0
CLM-00140,POL-377746,CUST-38010,Property,2023-09-13,2023-10-08,1373.94,941.02,Closed,East,A018,0
CLM-00370,POL-853305,CUST-80539,Health,2024-03-08,2024-03-29,4551.31,2746.89,Open,Central,A011,1
CLM-00474,POL-734210,CUST-72746,Motor,2023-09-16,2023-10-08,5857.79,3080.23,Closed,West,A001,0
CLM-00381,POL-884309,CUST-41963,Property,2023-06-22,2023-07-12,1026.9,,Closed,South,A014,0
CLM-00290,POL-665427,CUST-46471,Motor,2023-11-10,2023-11-13,1961.09,1905.89,Closed,West,A014,0
CLM-00060,POL-865179,CUST-46517,Motor,2024-06-01,2024-06-19,-6008.05,3969.81,Closed,Central,,0
CLM-00112,POL-821590,CUST-62743,Property,2023-01-04,2023-01-25,867.33,597.29,Closed,Central,A012,1
CLM-00090,POL-482554,CUST-15817,Liability,2023-02-10,2023-03-09,1156.64,1011.28,Rejected,West,A020,0
CLM-00297,POL-922733,CUST-16826,Liability,2023-03-14,2023-03-18,466.11,400.47,Closed,North,A020,0
CLM-00007,POL-334053,CUST-19862,Motor,2023-03-29,2023-04-04,11779.96,10146.71,Pending,South,A002,0
CLM-00366,POL-865990,CUST-78386,Motor,2023-09-14,2023-09-25,1589.3,1264.39,Open,North,A012,0
CLM-00350,POL-609231,CUST-58571,Property,2024-03-01,2024-03-23,878.94,857.17,Closed,,A006,0
CLM-00343,POL-115474,CUST-25866,Liability,2024-05-25,2024-06-07,1308.04,,Open,North,A011,1
CLM-00159,POL-149405,CUST-13201,Health,2024-01-22,2024-02-09,9465.86,,Open,East,A013,0
CLM-00151,POL-518801,CUST-53933,Liability,2023-03-12,2023-04-07,3091.92,2593.83,Closed,South,A004,0
CLM-00178,POL-855731,CUST-65724,Motor,2023-11-22,2023-11-28,864.79,661.97,Closed,North,A015,0
CLM-00400,POL-346629,CUST-82848,Motor,2023-09-20,2023-10-08,25239.36,21823.78,Open,,A015,0
CLM-00185,POL-772097,CUST-42662,Health,2023-10-23,2023-11-13,653.48,428.64,Pending,East,A009,0
CLM-00287,POL-801474,CUST-52840,Liability,2024-02-18,2024-03-04,200.0,119.01,Clsoed,Central,A016,0
CLM-00011,POL-809570,CUST-58393,Health,2024-04-26,2024-05-15,0.0,,Closed,South,A011,0
CLM-00387,POL-627276,CUST-54092,Liability,2024-02-03,2024-02-23,6891.81,3575.37,Closed,South,A015,0
CLM-00104,POL-660086,CUST-96951,Motor,2023-04-10,2023-05-05,23127.74,15729.57,Closed,East,A004,0
CLM-00082,POL-996865,CUST-67199,Motor,2023-12-25,2024-01-06,5798.62,3313.55,Open,North,A004,0
CLM-00039,POL-944962,CUST-63964,Property,2023-05-11,2023-06-01,4141.48,2300.59,Closed,West,A008,0
CLM-00319,POL-455784,CUST-58351,Liability,2023-01-08,2023-01-19,4144.53,,Closed,Central,,0
CLM-00199,POL-632342,CUST-81810,Property,2024-04-18,2024-05-17,284.9,216.23,Closed,East,A002,0
CLM-00262,POL-573417,CUST-99016,Property,2023-10-15,2023-10-22,6957.04,5379.8,Pending,East,A015,0
CLM-00147,POL-883300,CUST-77561,Motor,2024-06-11,2024-06-16,2667.44,2210.45,Open,South,A010,0
CLM-00399,POL-808011,CUST-46211,Motor,2023-09-24,2023-09-27,9417.31,,Open,East,A013,0
CLM-00148,POL-712982,CUST-97012,Liability,2023-10-31,2023-11-01,4130.0,3040.26,Closed,South,A007,0
CLM-00311,POL-156802,CUST-26544,Motor,2023-04-28,2023-05-06,6705.13,4097.09,Closed,South,A009,0
CLM-00291,POL-238739,CUST-65255,Property,2024-05-16,2024-06-13,1582.82,1551.27,Closed,Central,A003,0
CLM-00124,POL-944151,CUST-49446,Liability,2023-03-20,2023-04-13,2293.59,,Closed,North,A002,0
CLM-00374,POL-411120,CUST-87656,Liability,2023-05-08,2023-05-13,200.0,150.69,Open,Central,A016,0
CLM-00097,POL-835911,CUST-57739,Motor,2023-09-30,2023-09-17,3494.5,1856.78,Closed,East,A006,1
CLM-00144,POL-688637,CUST-96356,Motor,2023-04-23,2023-05-17,3631.47,,Rejected,West,A011,0
CLM-00240,POL-791798,CUST-12560,Motor,2023-07-07,2023-07-24,200.0,125.99,Closed,South,,0
CLM-00479,POL-820892,CUST-43092,Motor,2023-11-26,2023-12-11,778.74,700.87,Closed,East,A009,1
CLM-00098,POL-816751,CUST-66531,Liability,2023-02-25,2023-03-20,9544.15,,Closed,West,A006,0
CLM-00355,POL-272634,CUST-11658,Health,2023-05-31,2023-06-20,810.46,712.71,Open,South,A010,0
CLM-00123,POL-133659,CUST-84593,Motor,2023-11-28,2023-12-20,1203.35,1002.62,Closed,South,A019,0
CLM-00184,POL-905934,CUST-83060,Health,2023-06-11,2023-07-02,200.0,167.75,Rejected,North,A011,0
CLM-00203,POL-982554,CUST-68991,Motor,2024-02-13,2024-02-25,23723.69,15418.03,Open,East,A002,0
CLM-00247,POL-543692,CUST-61116,Property,2024-06-11,2024-06-13,3572.93,1897.59,Pending,North,A014,0
CLM-00422,POL-378517,CUST-86225,Motor,2023-10-19,2023-10-19,5078.06,4340.02,Closed,South,A001,0
CLM-00303,POL-201639,CUST-15276,Property,2023-07-20,2023-08-11,15469.45,,Closed,West,A003,0
CLM-00356,POL-497382,CUST-65057,Motor,2024-03-20,2024-03-29,635.63,407.6,Open,South,A001,0
CLM-00305,POL-551989,CUST-42411,Liability,2023-04-04,2023-04-15,6598.37,3339.12,Open,South,A005,0
CLM-00435,POL-690341,CUST-42951,Liability,2023-10-23,2023-11-02,-717.87,541.59,Closed,North,A008,0
CLM-00288,POL-608993,CUST-54236,,2023-12-14,2024-01-11,14107.62,12644.63,Closed,Central,A003,0
CLM-00126,POL-520651,CUST-81819,Property,2023-10-28,2023-11-18,22007.95,21466.25,Closed,West,A010,0
CLM-00455,POL-946305,CUST-57301,Property,2023-10-05,2023-10-22,2024.04,,Closed,South,A004,0
CLM-00224,POL-422451,CUST-40311,Liability,2023-02-25,2023-02-25,2688.5,2676.84,Open,South,A016,0
CLM-00425,POL-804318,CUST-82544,Liability,2023-04-26,2023-05-10,7844.63,6212.06,Closed,South,A004,0
CLM-00220,POL-217301,CUST-80798,Motor,2023-11-21,2023-12-20,3369.36,1782.13,Open,South,A004,0
CLM-00130,POL-694731,CUST-37549,Property,2023-07-25,2023-08-08,3311.85,2950.57,Closed,North,A016,0
CLM-00427,POL-414569,CUST-55056,Property,2023-04-19,2023-05-07,360.85,188.08,Rejected,East,A004,0
CLM-00403,POL-697347,CUST-35042,Health,2024-06-25,2024-07-15,5761.75,4791.03,Closed,East,A006,0
CLM-00333,POL-179046,CUST-61990,Property,2023-01-29,2023-02-06,1239.07,840.78,Closed,West,A013,0
CLM-00383,POL-159942,CUST-84691,Liability,2026-12-03,2024-04-03,5943.48,5574.64,Rejected,Central,A009,0
CLM-00408,POL-749468,CUST-82768,Motor,2023-07-17,2023-08-02,5352.63,3546.91,Pending,North,A010,0
CLM-00477,POL-459536,CUST-34164,Property,2023-03-27,2023-04-07,5883.81,5479.71,Closed,East,A012,0
CLM-00299,POL-946721,CUST-39389,Liability,2023-10-13,2023-10-23,6504.77,5335.91,Closed,Central,A008,0
CLM-00295,POL-595631,CUST-12540,Liability,2023-12-11,2023-12-11,921.63,535.32,Open,North,A017,1
CLM-00372,POL-262316,CUST-70931,Property,2023-12-12,2023-11-26,784.97,419.57,Open,Central,A005,0
CLM-00391,POL-159642,CUST-33834,Liability,2024-04-13,2024-04-26,200.0,141.66,Closed,North,A014,0
CLM-00113,POL-684004,CUST-48752,Property,2023-06-21,2023-07-01,5270.39,5175.73,Closed,,A002,0
CLM-00180,POL-814825,CUST-33053,Motor,2023-05-05,2023-05-24,2288.7,1155.71,Rejected,North,A016,0
CLM-00312,POL-806073,CUST-72070,Health,2023-04-16,2023-04-17,4646.5,3070.57,Pending,North,A007,0
CLM-00437,POL-176819,CUST-25814,Property,2023-05-15,2023-05-23,2561.38,2475.48,Open,South,A004,0
CLM-00335,POL-947272,CUST-19961,Motor,2024-04-25,2024-04-23,989.94,1744.243230743968,Open,West,A020,0
CLM-00490,POL-544151,CUST-29887,Motor,2023-02-11,2023-02-18,10652.28,6660.17,Rejected,East,A007,0
CLM-00365,POL-830429,CUST-33086,Property,2023-09-01,2023-09-26,3195.04,1924.5,Open,North,A004,0
CLM-00234,POL-172574,CUST-64496,Motor,2023-11-06,2023-11-07,200.0,,Closed,West,A016,0
CLM-00447,POL-398830,CUST-87278,Property,2023-02-21,2023-02-16,6930.69,6262.12,Closed,Central,A005,0
CLM-00165,POL-813536,CUST-69692,Motor,2024-03-27,2024-04-01,2321.12,1227.98,Pending,Central,A002,0
CLM-00137,POL-774079,CUST-67905,Liability,2023-09-23,2023-10-12,5551.0,4045.85,Closed,Central,A004,0
CLM-00198,POL-287330,CUST-65933,Property,2023-05-25,2023-06-12,742.07,657.9,Open,Central,A007,0
CLM-00259,POL-491559,CUST-60968,Liability,2023-05-16,2023-05-16,6917.37,4408.8,Open,East,A020,0
CLM-00233,POL-955662,CUST-71069,Property,2023-09-26,2023-09-20,2954.32,2631.3,Open,South,A013,1
CLM-00116,POL-440035,CUST-35144,Motor,2024-05-14,2024-05-27,457.54,341.74,Rejected,Central,A009,0
CLM-00121,POL-340174,CUST-32810,Motor,2024-02-27,2024-03-01,7141.24,4166.75,Closed,Central,A010,0
CLM-00354,POL-161483,CUST-54725,Liability,2023-07-17,2023-08-03,200.0,,Closed,North,A017,0
CLM-00225,POL-351083,CUST-60205,Property,2023-01-15,2023-01-22,974.0,752.16,Rejected,Central,A004,0
CLM-00409,POL-185965,CUST-41499,Property,2024-05-09,2024-06-04,200.0,,Closed,East,A007,0
CLM-00342,POL-976638,CUST-88697,Property,2024-04-30,2024-05-10,11305.8,6228.39,Open,South,A014,0
CLM-00128,POL-169403,CUST-49829,Liability,2023-11-11,2023-11-29,3493.96,2267.67,Closed,North,A002,0
CLM-00286,POL-392004,CUST-69598,Property,2023-03-05,2023-03-23,332.65,,Closed,West,A011,0
CLM-00418,POL-802258,CUST-63005,Property,2023-05-25,2023-06-15,3903.58,3104.59,Closed,East,A018,0
CLM-00108,POL-584714,CUST-50538,Liability,2023-07-25,2023-08-22,2816.43,2519.2,Open,West,A020,0
CLM-00376,POL-161324,CUST-52245,Health,2024-05-28,2024-06-04,5833.41,5281.8,Open,West,A020,0
CLM-00330,POL-392075,CUST-85470,Liability,2023-06-14,2023-07-02,2604.4,,Closed,West,A016,0
CLM-00134,POL-787277,CUST-95813,Liability,2024-02-01,2024-02-21,614.87,601.59,Clsoed,South,A011,1
CLM-00369,POL-794022,CUST-90728,Motor,2023-07-23,2023-08-01,9297.51,8623.58,Closed,Central,A012,0
CLM-00045,POL-263032,CUST-60140,Property,2023-12-11,2024-01-03,2382.2,1547.91,Open,North,A013,0
CLM-00469,POL-878480,CUST-23446,Motor,2023-06-06,2023-06-22,7302.34,4509.1,Closed,North,A019,0
CLM-00066,POL-678856,CUST-62386,Motor,2023-12-18,2023-12-22,4203.83,5053.207066507094,Open,Central,A004,0
CLM-00284,POL-639131,CUST-52906,Motor,2023-11-27,2023-12-19,5669.64,3041.99,Closed,West,A007,0
CLM-00086,POL-391476,CUST-60488,Liability,2024-01-16,2024-02-09,402.98,258.77,Open,Central,A013,0
CLM-00243,POL-273148,CUST-72518,Property,2023-05-10,2023-05-17,7277.19,4695.62,Open,,A012,0
CLM-00187,POL-216970,CUST-69829,Motor,2024-04-12,2024-05-10,3588.58,3181.14,Closed,East,A002,0
CLM-00426,POL-776856,CUST-79588,Motor,2024-01-13,2024-02-01,3103.49,3029.35,Rejected,East,A017,0
CLM-00160,POL-214975,CUST-16057,Property,2023-11-05,2023-11-26,9114.22,7807.27,Open,West,A003,0
CLM-00013,POL-671858,CUST-82420,Property,2024-06-13,2024-06-27,1335.41,853.83,Closed,West,A007,0
CLM-00036,POL-948749,CUST-13248,Liability,2023-08-26,2023-09-21,200.0,140.71,Closed,South,A007,0
CLM-00029,POL-835392,CUST-63264,Liability,2023-12-28,2023-12-28,508.64,3928.49,Rejected,West,A015,0
CLM-00171,POL-724834,CUST-74799,Health,2023-12-30,2024-01-09,7779.04,5364.01,Open,North,A010,0
CLM-00143,POL-881177,CUST-32241,Liability,2024-02-11,2024-03-01,12437.78,8809.09,Closed,North,A001,0
CLM-00405,POL-707040,CUST-41635,Motor,2024-06-14,2024-06-21,4045.73,,Closed,West,A015,0
CLM-00347,POL-347861,CUST-79827,Property,2023-03-27,2023-04-24,5866.91,,Closed,West,A002,0
CLM-00222,POL-972064,CUST-28136,Property,2023-06-24,2023-07-12,630.36,612.31,Closed,East,A004,0
CLM-00096,POL-379946,CUST-35825,Property,2023-09-08,2023-09-11,1197.89,1022.39,Closed,Central,A019,0
CLM-00052,POL-201414,CUST-50001,Property,2023-06-29,2023-07-27,7782.43,,Closed,North,A016,0
CLM-00241,POL-598369,CUST-85456,Motor,2023-08-29,2023-09-04,0.0,835.42,Open,North,A014,0
CLM-00378,POL-871476,CUST-21359,Motor,2023-07-31,2023-08-11,470.01,313.07,Closed,South,A011,0
CLM-00385,POL-712554,CUST-97580,Motor,2023-05-14,2023-05-30,937.28,,Pending,West,A018,0
CLM-00179,POL-220116,CUST-38683,Property,2024-03-15,2024-03-31,3142.32,2506.21,Rejected,Central,A005,0
CLM-00042,POL-543143,CUST-44970,Health,2023-10-30,2023-11-13,1164.93,624.59,Closed,East,A014,0
CLM-00443,POL-465962,CUST-35105,Health,2023-11-16,2023-11-23,12171.4,,Open,West,A016,1
CLM-00394,POL-992697,CUST-56507,Liability,2023-10-06,2023-10-27,14273.27,14081.14,Pending,East,A017,0
CLM-00207,POL-308573,CUST-46347,Motor,2023-10-31,2023-11-07,1230.11,,Closed,East,A012,0
CLM-00283,POL-174299,CUST-59689,Motor,2024-06-07,2024-06-07,398.72,,Open,,A011,0
CLM-00255,POL-426858,CUST-45774,Property,2023-07-17,2023-07-31,2908.34,1805.92,Closed,North,A012,0
CLM-00419,POL-850981,CUST-41890,Property,2023-07-04,2023-07-25,3709.62,3080.87,Rejected,West,A006,0
CLM-00005,POL-388389,CUST-11267,Property,2023-08-13,2023-08-18,10273.87,7586.45,Closed,East,A020,1
CLM-00257,POL-804314,CUST-73654,Motor,2023-08-17,2023-08-19,2257.48,1895.85,Closed,West,A005,1
CLM-00456,POL-785743,CUST-33519,Liability,2023-02-17,2023-02-21,1832.55,1784.07,Pending,North,A011,0
CLM-00101,POL-738720,CUST-53279,Property,2023-06-03,2023-06-12,1764.25,1535.69,Open,South,A015,0
CLM-00227,POL-352572,CUST-38043,Motor,2024-05-13,2024-06-04,2405.96,1293.93,Closed,South,A013,0
CLM-00434,POL-751332,CUST-50189,Property,2024-06-23,2024-07-05,2610.78,1976.17,Pending,Central,A003,1
CLM-00214,POL-656116,CUST-20155,Motor,2023-12-15,2024-01-01,3204.77,1707.65,Open,West,A005,0
CLM-00429,POL-431535,CUST-82140,Motor,2024-05-16,2024-06-04,1830.71,1465.99,Closed,Central,A004,0
CLM-00172,POL-590785,CUST-62383,Motor,2023-01-25,2023-02-15,639.76,427.79,Closed,West,A010,0
CLM-00099,POL-779514,CUST-19171,Motor,2023-12-20,2023-12-24,4735.49,2376.79,Open,East,A020,0
CLM-00293,POL-698782,CUST-20735,Liability,2024-01-25,2024-02-11,6705.52,6629.44,Closed,South,A015,0
CLM-00216,POL-728038,CUST-40735,PropErty,2023-04-18,2023-05-09,7568.32,4717.35,Open,Central,A014,0
CLM-00062,POL-662275,CUST-46585,Health,2024-02-01,2024-02-04,1099.31,673.89,Closed,North,A020,0
CLM-00048,POL-452944,CUST-39154,Liability,2024-04-15,2024-04-29,1962.27,,Open,North,A017,0
CLM-00033,POL-571029,CUST-31299,Property,2026-12-03,2024-06-30,2973.46,2211.7,Closed,Central,A012,0
CLM-00268,POL-122056,CUST-80008,Property,2023-10-24,2023-11-06,200.0,105.0,Closed,North,A014,0
CLM-00328,POL-542374,CUST-13365,Motor,2023-08-31,2023-08-28,2094.66,1458.36,Pending,South,A008,0
CLM-00201,POL-755674,CUST-30861,Liability,2023-11-11,2023-12-09,2771.17,1900.66,Closed,North,A019,0
CLM-00454,POL-741390,CUST-39816,Health,2024-03-19,2024-03-21,917.66,792.43,Closed,South,A009,0
CLM-00028,POL-781453,CUST-83385,Property,2023-06-28,2023-07-20,5555.66,4607.14,Open,North,A011,0
CLM-00396,POL-171849,CUST-54608,Property,2023-07-08,2023-07-08,1781.59,1161.77,Open,West,A016,0
CLM-00231,POL-867460,CUST-53369,Liability,2023-02-24,2023-03-05,200.0,114.08,Closed,West,A006,0
CLM-00261,POL-642717,CUST-97670,Motor,2023-02-14,2023-02-28,13988.51,10209.27,Closed,Central,A014,0
CLM-00379,POL-668532,CUST-46559,Motor,2023-03-06,2023-03-18,2309.94,1956.08,Pending,North,A017,0
CLM-00289,POL-324643,CUST-59692,Health,2023-09-26,2023-10-14,6018.91,5741.74,Rejected,North,A020,0
CLM-00163,POL-267753,CUST-90120,Property,2023-04-21,2023-04-27,1635.22,1052.6,Open,South,A010,0
CLM-00432,POL-109767,CUST-69473,Liability,2023-07-12,2023-08-10,6993.33,6150.65,Rejected,East,A018,0
CLM-00139,POL-249811,CUST-98555,Liability,2023-03-26,2023-04-15,1625.19,1112.2,Open,South,A015,0
CLM-00063,POL-230889,CUST-56025,Property,2023-06-11,2023-05-29,452.75,371.36,Pending,West,A005,0
CLM-00136,POL-514850,CUST-70946,Liability,2023-12-11,2023-12-20,6855.25,4910.86,Pending,East,A011,0
CLM-00129,POL-321231,CUST-47606,Motor,2023-01-25,2023-02-01,8304.17,4589.57,Rejected,West,A017,0
CLM-00485,POL-363319,CUST-19710,Property,2023-02-13,2023-03-07,321.53,210.57,Pending,North,A020,0
CLM-00009,POL-872246,CUST-81511,Motor,2024-04-01,2024-04-08,12261.28,6954.81,Closed,West,A003,0
CLM-00327,POL-246991,CUST-85849,,2023-10-04,2023-10-26,1144.78,785.16,Closed,East,A020,0
CLM-00472,POL-385577,CUST-47268,Motor,2024-02-08,2024-02-17,644.72,498.51,Closed,East,A005,0
CLM-00065,POL-182627,CUST-76768,Property,2023-02-18,2023-03-16,4622.14,3705.78,Open,East,A015,0
CLM-00301,POL-299659,CUST-18993,Liability,2023-04-29,2023-04-30,200.0,116.27,Open,East,A019,0
CLM-00015,POL-719176,CUST-66333,Liability,2023-04-08,2023-04-08,1652.15,2561.2862476640007,Closed,South,A002,0
CLM-00157,POL-195325,CUST-36100,Motor,2024-06-25,2024-07-06,7653.28,5034.43,Closed,Central,A011,0
CLM-00041,POL-832052,CUST-42527,Liability,2023-03-05,2023-03-17,9701.76,9448.0,Open,South,A015,0
CLM-00380,POL-163918,CUST-69087,Motor,2024-06-26,2024-07-20,7244.07,6415.07,Pending,North,A007,0
CLM-00468,POL-212235,CUST-74340,Liability,2023-10-01,2023-10-27,926.64,666.1,Open,North,A008,0
CLM-00410,POL-539589,CUST-72402,Motor,2023-02-01,2023-02-07,4349.27,3950.83,Pending,South,A017,0
CLM-00217,POL-439902,CUST-45614,Property,2023-01-08,2023-02-04,4297.87,3189.19,Open,East,A002,0
CLM-00280,POL-170674,CUST-33819,Property,2023-08-09,2023-08-15,3230.53,2535.22,Closed,East,A001,0
CLM-00442,POL-238890,CUST-34267,Motor,2023-04-23,2023-05-01,28824.63,27685.98,Rejected,Central,A018,0
CLM-00438,POL-663750,CUST-35242,Property,2024-04-01,2024-04-26,417.48,381.47,Closed,South,A018,0
CLM-00338,POL-202664,CUST-41830,,2024-02-27,2024-03-04,1515.34,1255.18,Open,East,A007,0
CLM-00237,POL-903035,CUST-65069,Property,2023-02-24,2023-03-18,-663.6,,Closed,West,A008,0
CLM-00208,POL-260263,CUST-78327,Health,2023-02-09,2023-02-27,690.49,655.47,Closed,South,A005,0
CLM-00213,POL-916449,CUST-67654,Property,2024-05-15,2024-05-29,289.42,557.9681411804555,Pending,East,A014,0
CLM-00296,POL-354801,CUST-80702,Motor,2023-12-15,2023-12-29,860.82,,Closed,Central,A002,0
CLM-00465,POL-240814,CUST-48290,Liability,2023-07-06,2023-07-10,2526.83,4812.826777737213,Closed,North,A006,0
CLM-00252,POL-823378,CUST-38906,Motor,2024-04-03,2024-04-10,731.59,414.91,Pending,East,A017,0
CLM-00497,POL-237174,CUST-83147,Liability,2023-08-31,2023-09-25,3008.67,1582.31,Open,Central,A012,0
CLM-00466,POL-377312,,Liability,2023-12-25,2024-01-05,9276.51,,Closed,West,A006,0
CLM-00304,POL-790993,CUST-14067,Property,2024-05-02,2024-05-24,1575.85,1181.02,Closed,East,A003,0
CLM-00351,POL-604740,CUST-19038,Property,2023-09-25,2023-09-29,3543.83,2802.5,Open,Central,A014,0
CLM-00270,POL-680828,CUST-61645,Property,2023-04-26,2023-05-11,2785.17,2758.98,Pending,West,A013,0
CLM-00202,POL-412942,CUST-72216,,2023-03-12,2023-03-28,269.66,135.01,Open,East,A004,0
CLM-00162,POL-757924,CUST-72277,Property,2026-12-03,2024-05-26,7023.57,6638.03,Open,West,A003,0
CLM-00044,POL-391369,CUST-24168,Liability,2024-06-20,2024-07-02,4248.57,3234.39,Closed,West,A012,0
CLM-00218,POL-612340,CUST-54020,Liability,2023-12-22,2024-01-07,1645.42,1437.64,Closed,West,A012,0
CLM-00402,POL-225710,CUST-77715,Property,2023-02-23,2023-03-23,2678.91,1639.89,Pending,West,A019,0
CLM-00191,POL-575763,CUST-79616,Motor,2023-04-09,2023-04-09,3174.78,,Pending,North,A009,0
CLM-00310,POL-864491,CUST-41266,Liability,2023-06-15,2023-07-14,4295.46,3510.17,Pending,South,A020,0
CLM-00260,POL-559381,CUST-54057,Liability,2023-11-30,2023-12-27,10018.84,9051.85,Closed,East,A008,0
CLM-00106,POL-356702,CUST-49363,Motor,2023-08-13,2023-09-03,3671.8,,Open,East,A018,0
CLM-00054,POL-988662,CUST-39219,Motor,2024-05-28,2024-05-31,4955.69,3053.66,Open,North,A015,1
CLM-00390,POL-265080,CUST-52600,Motor,2023-02-23,2023-03-20,6440.64,3220.36,Rejected,North,,0
CLM-00002,POL-216739,CUST-82309,Liability,2023-11-22,2023-11-28,980.46,797.4,Closed,North,A009,0
CLM-00449,POL-559469,CUST-88222,Property,2023-06-03,2023-06-10,2373.62,1596.67,Open,Central,A007,0
CLM-00491,POL-969634,CUST-29555,Motor,2023-12-16,2024-01-09,1291.85,1049.55,Open,Central,A011,0
CLM-00050,POL-197251,CUST-70332,Liability,2024-05-24,2024-05-31,6824.34,3583.55,Closed,Central,A008,0
CLM-00420,POL-429445,CUST-50135,Property,2023-12-30,2024-01-03,3701.17,1995.77,Pending,West,A020,0
CLM-00081,POL-183667,CUST-51114,Property,2023-10-17,2023-11-11,0.0,376.03,Pending,Central,A005,0
CLM-00206,POL-738551,,Property,2023-05-22,2023-06-06,18518.84,17102.71,Closed,Central,A015,0
CLM-00035,POL-391704,CUST-64040,Motor,2024-04-27,2024-05-01,3595.55,2530.45,Closed,West,A004,0
CLM-00431,POL-176066,CUST-56112,Property,2024-02-21,2024-03-08,5534.59,4744.32,Rejected,West,A007,0
CLM-00264,POL-359947,CUST-31632,Motor,2026-12-03,2023-08-02,5243.33,2736.76,Pending,East,A001,0
CLM-00428,POL-579434,CUST-65771,Health,2023-01-24,2023-01-26,271.51,171.77,Closed,North,A011,1
CLM-00367,POL-921414,CUST-95256,Property,2023-11-04,2023-11-26,3746.07,2221.67,Closed,Central,A006,0
CLM-00092,POL-488162,CUST-10221,Health,2023-10-06,2023-10-17,323.78,161.91,Open,North,A004,0
CLM-00340,POL-783823,,Property,2024-02-28,2024-03-20,8891.76,5297.68,Rejected,Central,A012,0
CLM-00482,POL-376807,CUST-18564,Property,2024-02-28,2024-03-06,6263.14,3544.04,Closed,West,A011,0
CLM-00053,POL-476417,CUST-39831,Liability,2023-04-16,2023-04-30,2480.37,1606.4,Open,Central,A004,0
CLM-00346,POL-989921,CUST-55508,,2026-12-03,2023-11-29,8303.18,4301.13,Pending,South,A006,0
CLM-00265,POL-335612,CUST-71261,Health,2024-06-14,2024-07-07,2589.96,1509.62,Closed,North,A003,0
CLM-00242,POL-676510,CUST-59857,Property,2024-02-25,2024-03-24,16760.05,16068.58,Closed,West,A006,0
CLM-00014,POL-191161,CUST-29410,Liability,2023-01-05,2023-02-02,1508.83,2293.55,Rejected,South,A017,0
CLM-00316,POL-163556,CUST-38569,Property,2024-06-12,2024-07-01,7213.63,5153.06,Open,Central,A006,0
CLM-00089,POL-974628,CUST-43386,Health,2024-01-05,2024-01-12,1757.85,926.68,Closed,South,A020,0
CLM-00388,POL-994141,CUST-13761,Motor,2023-12-18,2024-01-14,3635.75,2050.32,Open,South,A019,0
CLM-00274,POL-107540,CUST-13552,Motor,2023-04-29,2023-05-20,4555.99,4466.3,Closed,West,A009,0
CLM-00167,POL-725380,CUST-92544,Property,2024-01-04,2024-01-27,5342.77,4049.45,Closed,North,A016,0
CLM-00329,POL-292401,CUST-50888,Property,2024-06-09,2024-06-26,2545.96,,Closed,North,A010,0
CLM-00102,POL-765822,CUST-91678,Property,2023-05-13,2023-05-29,1822.36,1199.36,Open,Central,A020,0
CLM-00135,POL-623481,CUST-52237,Property,2023-04-15,2023-04-23,7870.9,5904.75,Closed,South,A001,0
CLM-00307,POL-544154,CUST-12671,Motor,2023-02-10,2023-02-14,2165.26,1469.16,Pending,West,A012,0
CLM-00489,POL-765095,CUST-17026,MOTOR,2024-01-24,2024-01-29,1276.48,1146.71,Pending,South,A003,0
CLM-00320,POL-939482,CUST-31992,Motor,2023-05-13,2023-06-05,3929.78,2197.73,Open,Central,A013,1
CLM-00244,POL-377932,CUST-10772,Motor,2023-07-28,2023-07-28,14437.56,10611.52,Closed,West,A016,0
CLM-00055,POL-460663,CUST-13101,Motor,2024-05-07,2024-05-18,451.85,619.71,Rejected,South,A012,1
CLM-00364,POL-543555,CUST-67080,Property,2023-12-20,2023-12-25,4016.01,3007.07,Pending,Central,A007,0
CLM-00051,POL-498382,CUST-55830,Property,2023-07-25,2023-07-29,1445.92,775.67,Closed,South,A005,0
CLM-00498,POL-768061,CUST-64548,Liability,2023-08-19,2023-08-27,200.0,,Closed,North,A011,1
CLM-00175,POL-680099,CUST-95990,Motor,2023-11-21,2023-12-08,3004.2,2123.43,Closed,South,A013,0
CLM-00446,POL-487477,CUST-46241,Motor,2023-08-18,2023-09-11,4549.9,2898.45,Closed,Central,A004,0
CLM-00190,POL-265840,CUST-97500,Motor,2024-03-15,2024-03-21,1681.65,946.39,Open,North,A008,0
CLM-00026,POL-308496,CUST-23473,Motor,2023-04-25,2023-04-29,900.93,789.86,Open,South,A006,0
CLM-00464,POL-208618,CUST-82529,Liability,2023-12-09,2023-12-27,1350.7,,Rejected,,A013,0
CLM-00188,POL-407757,,Liability,2024-05-03,2024-05-10,15192.8,11556.37,Closed,East,A002,0
CLM-00170,POL-500156,CUST-60328,Property,2024-06-15,2024-07-13,4609.6,,Closed,North,A006,0
CLM-00059,POL-145561,CUST-53025,Motor,2024-02-28,2024-03-17,827.73,788.87,Closed,South,A010,0
CLM-00049,POL-207175,CUST-36158,Health,2023-08-14,2023-09-11,1216.47,1038.31,Open,South,A004,0
CLM-00345,POL-890170,CUST-15383,Property,2023-12-27,2024-01-21,2777.34,,Closed,,A011,0
CLM-00236,POL-658582,CUST-37110,Health,2023-01-13,2023-01-13,6427.46,5820.46,Pending,East,A004,0
CLM-00253,POL-310922,CUST-73993,Motor,2024-04-19,2024-05-10,1766.53,1729.37,Open,South,A009,0
CLM-00022,POL-629903,CUST-37535,Motor,2023-05-17,2023-05-22,2401.5,2086.75,Open,West,A019,0
CLM-00314,POL-777568,CUST-24993,Motor,2023-10-30,2023-11-10,200.0,172.89,Pending,North,A019,0
CLM-00460,POL-956795,CUST-26591,Liability,2023-05-24,2023-06-22,-1435.17,1281.75,Closed,East,A004,0
CLM-00161,POL-260265,CUST-42092,Motor,2023-11-13,2023-12-06,7377.81,4423.79,Open,North,A012,0
CLM-00277,POL-761759,CUST-66179,Motor,2023-01-27,2023-02-18,3287.96,3279.44,Pendng,North,A013,0
CLM-00444,POL-172132,CUST-38361,Property,2024-04-22,2024-05-08,4629.61,4002.25,Closed,,A003,0
CLM-00192,POL-103402,CUST-83259,Property,2023-07-28,2023-08-09,2605.26,2305.86,Closed,South,,0
CLM-00386,POL-599948,CUST-59674,Property,2023-05-06,2023-05-31,1975.96,1408.1,Open,East,A011,0
CLM-00294,POL-704201,CUST-71644,Liability,2023-04-04,2023-04-05,4872.82,,Closed,West,A001,0
CLM-00414,POL-648177,CUST-12260,Motor,2023-10-22,2023-10-23,0.0,,Closed,Central,A010,0
CLM-00344,POL-197793,CUST-84177,Health,2023-06-11,2023-06-14,6330.01,3864.01,Closed,South,A010,0
CLM-00258,POL-781446,CUST-13804,Property,2023-07-05,2023-07-23,2768.23,,Open,South,A013,0
CLM-00309,POL-589710,CUST-29973,Motor,2023-03-18,2023-03-23,582.35,357.76,Open,East,A013,0
CLM-00150,POL-711878,,Motor,2024-01-29,2024-02-15,11331.71,6888.21,Closed,Central,A010,0
CLM-00131,POL-852787,CUST-66346,Property,2023-10-23,2023-11-12,4396.79,3614.49,Closed,North,A016,0
CLM-00152,POL-479580,CUST-22240,Motor,2023-07-07,2023-07-08,21817.18,17538.31,Open,Central,A012,0
CLM-00360,POL-922157,CUST-57472,Liability,2023-05-15,2023-05-16,3172.15,3001.74,Open,Central,A020,0
CLM-00100,POL-174870,CUST-97062,Motor,2023-05-08,2023-05-15,3426.01,2135.82,Closed,Central,A015,0
CLM-00373,POL-299122,CUST-67091,Motor,2024-01-23,2024-02-16,2785.84,2703.36,Pending,North,A014,0
CLM-00088,POL-766563,CUST-34914,Motor,2023-01-21,2023-02-04,958.63,781.07,Open,West,A004,0
CLM-00459,POL-800305,CUST-80010,Liability,2024-03-07,2024-03-25,8018.95,4663.16,Pending,West,A012,0
CLM-00331,POL-585100,CUST-98781,Liability,2024-04-19,2024-05-05,4271.29,4166.49,Open,East,A019,0
CLM-00215,POL-100599,CUST-47450,Motor,2023-12-16,2023-12-17,25707.96,15787.71,Closed,South,A018,0
CLM-00467,POL-221035,CUST-93606,Property,2024-03-11,2024-04-06,8301.33,8177.88,Closed,West,A012,0
CLM-00122,POL-961722,CUST-90676,Property,2023-03-03,2023-03-24,11788.81,10097.39,Open,South,A003,1
CLM-00060,POL-865179,CUST-46517,Motor,2024-06-01,2024-06-19,6008.05,3969.81,Closed,Central,,0
CLM-00021,POL-343962,CUST-56898,Motor,2023-01-04,2023-02-01,1432.4,726.45,Open,North,A017,0
CLM-00189,POL-555884,CUST-70901,Motor,2023-06-24,2023-07-10,2549.3,,Closed,East,A012,0
CLM-00072,POL-705397,CUST-44237,Health,2023-03-20,2023-03-25,19823.1,15718.38,Closed,East,A010,0
CLM-00107,POL-271339,CUST-76469,Motor,2024-01-16,2024-02-03,5902.85,3876.25,Open,East,A005,0
CLM-00271,POL-341292,CUST-87580,Motor,2023-05-18,2023-05-21,4562.58,,CLOSED,South,A020,0
CLM-00349,POL-526156,CUST-96706,Motor,2023-06-08,2023-06-09,4804.13,3080.6,Open,West,A019,0
CLM-00436,POL-204837,CUST-40217,Health,2023-04-10,2023-04-11,1790.03,,Closed,East,A019,0
CLM-00103,POL-279451,CUST-51145,Property,2023-04-06,2023-05-03,4981.99,2744.81,Pending,North,A009,0
